question,Actual Abstract
Name an American actor who was the president of the Screen Actors Guild and the United States Ambassador to Mexico?,"John Gavin (born Juan Vincent Apablasa Jr.; April 8, 1931 – February 9, 2018) was an American actor who was the president of the Screen Actors Guild (1971–73), and the United States Ambassador to Mexico (1981–86)."
"What was Louise Bours, a Member of the European Parliament  for the North West England region also known as?","Louise Bours (born 23 December 1968), also known as Louise van de Bours, is a Member of the European Parliament  for the North West England region."
"Name a British politician, who was a Member of the European Parliament (MEP) for the West Midlands?","Elizabeth Lynne (born 22 January 1948) is a British politician, and was a Member of the European Parliament (MEP) for the West Midlands for the Liberal Democrats from the 1999 European election until she retired in 2012."
"Name a British character actor who appeared in British films during the 1940s, 1950s and 1960s?","James Robertson Justice (born James Norval Harald Justice; 15 June 1907 – 2 July 1975) was a British character actor who appeared in British films during the 1940s, 1950s and 1960s."
What was Muhammad Yusuf Khan professionally known as?,"Muhammad Yusuf Khan (born 11 December 1922), known professionally as Dilip Kumar, is an actor, producer and philanthropist, who was later elected to India's parliament."
"What was Mohanlal Viswanathan an Indian actor, producer, playback singer, and distributor, who predominantly works in Malayalam cinema also known as?","Mohanlal Viswanathan (born 21 May 1960), known mononymously as Mohanlal, is an Indian actor, producer, playback singer, and distributor, who predominantly works in Malayalam cinema."
When did Soundarya Sathyanarayana  who received the National Film Award for Best Feature Film as producer for the Kannada film Dweepa die?,"Soundarya Sathyanarayana  (18 July 1976 – 17 April 2004) was an Indian actress and producer who worked predominantly in Telugu and Kannada films, besides Tamil, Malayalam and Hindi films  in lead roles.In 2002, she received the National Film Award for Best Feature Film as producer for the Kannada film Dweepa."
Who is Eduardo Barrios Manzano?,"Eduardo Barrios Manzano (born September 14, 1955) is an American-born Filipino actor, comedian, politician, television personality and United States Air Force veteran."
"Name a Filipino actor, comedian, politician and former professional basketball player in the Philippine Basketball Association?","Joselito Perez Marquez, better known as Joey Marquez, is a Filipino actor, comedian, politician and former professional basketball player in the Philippine Basketball Association."
Name an Irish politician who served as deputy First Minister of Northern Ireland from 1998 to 2001?,Seamus Frederick Mallon (; 17 August 1936 – 24 January 2020) was an Irish politician who served as deputy First Minister of Northern Ireland from 1998 to 2001 and Deputy Leader of the Social Democratic and Labour Party from 1979 to 2001.
Name an American soldier and statesman who served as the seventh president of the United States?,"Andrew Jackson (March 15, 1767 – June 8, 1845) was an American soldier and statesman who served as the seventh president of the United States from 1829 to 1837."
Name a British politician best known for being Chief Whip of Prime Minister David Lloyd George's Coalition Liberal Party?,"Frederick Edward ""Freddie"" Guest,  (14 June 1875 – 28 April 1937) was a British politician best known for being Chief Whip of Prime Minister David Lloyd George's Coalition Liberal Party, 1917–1921."
When did Frederick Alers Hankey die?,Frederick Alers Hankey (29 March 1833 – 15 February 1892) was an English banker and Conservative politician who sat in the House of Commons from 1885 to 1892.
Who is the 45th and current president of the United States?,"Donald John Trump (born June 14, 1946) is the 45th and current president of the United States."
"Who is Herbert Constantine ""Bistek"" Maclang Bautista?","Herbert Constantine ""Bistek"" Maclang Bautista (born May 12, 1968) is a Filipino actor and politician."
Who is Herminio Ahumada?,Herminio Ahumada (7 October 1899 – 1 July 1983) was a Mexican politician and former sprinter who competed in the 1924 Summer Olympics.He was the President of the Chamber of Deputies in 1944.
Who is Carlos Roberto de Oliveira? ,"Carlos Roberto de Oliveira, known as Roberto or Roberto Dinamite (born 13 April 1954) is a Brazilian former footballer and politician."
Name a Brazilian politician and a former female volleyball player?,"Leila Gomes de Barros (born September 30, 1971) is a Brazilian politician and a former female volleyball player."
"What is Carlos Alberto Reutemann, an Argentine former racing driver nicknamed as?","Carlos Alberto Reutemann (born April 12, 1942), nicknamed ""Lole"", is an Argentine former racing driver who raced in Formula One from 1972 through 1982, and later became a politician in his native province of Santa Fe, for the Justicialist Party, and governor of Santa Fe in Argentina."
Name an American retired jurist and former professional football player?,"Alan Cedric Page (born August 7, 1945) is an American retired jurist and former professional football player."
"When was Ben Nighthorse Campbell,  a Cheyenne-American politician born?","Ben Nighthorse Campbell (born April 13, 1933) is a Cheyenne-American politician who served as a U.S. Representative from 1987 to 1993, and a U.S."
Who was Colonel Arthur Espie Porritt?,"Colonel Arthur Espie Porritt, Baron Porritt,  (10 August 1900 – 1 January 1994) was a New Zealand physician, military surgeon, statesman and athlete."
"Who was William Spiers ""Billy"" Glenn?","William Spiers ""Billy"" Glenn  (21 February 1877 – 5 October 1953) was a New Zealand rugby union player who played for the All Blacks on their 1905 tour."
Who is Leila Gomes de Barros?,"Leila Gomes de Barros (born September 30, 1971) is a Brazilian politician and a former female volleyball player."
"When did Wilmer David ""Vinegar Bend"" Mizell die?","Wilmer David ""Vinegar Bend"" Mizell (August 13, 1930 – February 21, 1999) was a professional American athlete, playing as a pitcher for 14 years, and later a politician."
Name an an American banker and politician who served as the 41st governor of Arkansas?,"Frank Durward White (born Durward Frank Kyle Jr.; June 4, 1933 – May 21, 2003) was an American banker and politician who served as the 41st governor of Arkansas."
Name an an American track and field sprinter and politician?,"Ralph Harold Metcalfe Sr. (May 29, 1910 – October 10, 1978) was an American track and field sprinter and politician."
Who is Dwayne D. Woodruff? ,"Dwayne D. Woodruff (born February 18, 1957) is a judge and former professional American football player who played twelve seasons as a cornerback for the Pittsburgh Steelers, where he accumulated 37 interceptions after being drafted in the sixth round in 1979."
Who was also known as Durward Frank Kyle Jr?,"Frank Durward White (born Durward Frank Kyle Jr.; June 4, 1933 – May 21, 2003) was an American banker and politician who served as the 41st governor of Arkansas."
When did Walter Perry Johnson die?,"Walter Perry Johnson (November 6, 1887 – December 10, 1946), nicknamed ""Barney"" and ""The Big Train"", was a Major League Baseball right-handed pitcher."
Who was Richard Dwight Farmer?,"Richard Dwight Farmer (born August 25, 1969) is an American former collegiate basketball player and Republican Party politician from the U.S. state of Kentucky."
"When was Hercules Richard ""Bumper"" Wright born?","Hercules Richard ""Bumper"" Wright (16 January 1881 – 4 April 1963) was a New Zealand rugby footballer who was part of the professional (rugby league) 1907–1908 New Zealand rugby tour of Great Britain."
"Who was Tutekawa ""Tu"" Wyllie?","Tutekawa ""Tu"" Wyllie (born 24 October 1954) is a former New Zealand politician and rugby union player."
Name a  New Zealand racing-driver and a former politician in both local and national politics?,"Ian ""Inky"" Tulloch  (born 21 September 1950) is a New Zealand racing-driver and a former politician in both local and national politics."
What was Howard Kevin Tamati generally known as?,"Howard Kevin Tamati  (born 3 January 1953), generally known as Howie Tamati, is a New Zealand politician and former professional rugby league footballer and coach who played for New Zealand."
"When did William R. ""Bill"" Sullivan die?","William R. ""Bill"" Sullivan (September 10, 1942 – October 23, 2010) was an American painter, printmaker and publisher."
When was Maharaja Sir Bhupinder Singh born?,Maharaja Sir Bhupinder Singh or Bhuppa GCSI GCIE GCVO GBE (12 October 1891 – 23 March 1938) was the ruling  Maharaja of the princely state of Patiala in British India from 1900 to 1938.
"Who was Theodorus Jacobus Leonardus ""Dick"" Quax?","Theodorus Jacobus Leonardus ""Dick"" Quax (1 January 1948 – 28 May 2018) was a Dutch-born New Zealand runner, one-time world record holder in the 5000 metres, and local-body politician."
Name an English born former Test and One-Day International cricketer and footballer who represented New Zealand at international level?,Victor Pollard (born 7 September 1945) is an English born former Test and One-Day International cricketer and footballer who represented New Zealand at international level.
"Name an  American professional wrestler, actor, and traceur?","John Randall Hennigan (born October 3, 1979) is an American professional wrestler, actor, and traceur."
Who was John Barrie Skilbeck Hutchinson?,John Barrie Skilbeck Hutchinson (19 June 1926 – 14 February 2019) was a New Zealand rugby union and water polo player.
Name a a New Zealand rugby union player who played for the All Blacks on their 1905 tour?,"William Spiers ""Billy"" Glenn  (21 February 1877 – 5 October 1953) was a New Zealand rugby union player who played for the All Blacks on their 1905 tour."
When was Roger Patrick Blundell Drayton born?,Roger Patrick Blundell Drayton  (4 January 1925 – 21 June 1986) was a New Zealand politician of the Labour Party.
Who is James Benn Bradshaigh Bradshaw?,James Benn Bradshaigh Bradshaw (22 September 1832 – 1 September 1886) was a 19th-century member of parliament in the Otago region of New Zealand.
Name a New Zealand-born actor who achieved international stardom playing the part of original character Max Ramsay?,"Wayne Francis Earl Bell (18 April 1944 – 3 May 1994) was a New Zealand-born actor who achieved international stardom playing the part of original character Max Ramsay in the early years of the popular Australian soap opera, Neighbours."
"Who was a Cook Islands politician, Cabinet Minister and Deputy Prime Minister?","Inatio Akaruru CBE (31 March 1937 – 31 January 2014) was a Cook Islands politician, Cabinet Minister and Deputy Prime Minister."
Who was Major-General Sir Edward Wolstenholme Ward?,Major-General Sir Edward Wolstenholme Ward  (17 August 1823 – 5 February 1890) was an Indian-born British soldier and Australian politician as well as cricket player.
"When was Terrence Keith ""Terry"" Waldron  born?","Terrence Keith ""Terry"" Waldron (born 17 February 1951) is an Australian politician."
"Name a former Australian cricketer, teacher, politician and public administrator who played in 21 Tests from 1963 to 1967?","Thomas Robert Veivers (born 6 April 1937 in Beenleigh, Queensland) is a former Australian cricketer, teacher, politician and public administrator who played in 21 Tests from 1963 to 1967."
"Who is Michael Desmond ""Mick"" Veivers?","Michael Desmond ""Mick"" Veivers  (born 12 August 1939) was the Member for Southport from 1987 to 2001 and was Minister for Emergency Services and Sport in the Borbidge Government."
Name an Australian rules footballer who represented Geelong in the Victorian Football League?,"Neil Benjamin ""Nipper"" Trezise (8 February 1931 – 20 August 2006) was an Australian rules footballer who represented Geelong in the Victorian Football League and later a politician who represented the Labor Party in the Victorian Legislative Assembly."
When did Reginald 'Rex' Colin Townley die?,Reginald 'Rex' Colin Townley (15 April 1904—3 May 1982) was an Australian politician who served as leader of the Liberal Party in Tasmania from 1950 to 1956.
Name a fictional character and a main antagonist in the novel Oliver Twist by Charles Dickens?,"William ""Bill"" Sikes is a fictional character and a main antagonist in the novel Oliver Twist by Charles Dickens."
"What is Shirley Barbara de la Hunty AO, MBE also known as?","Shirley Barbara de la Hunty AO, MBE (née Strickland; 18 July 1925 – 11 February 2004), known as Shirley Strickland during her early career, was an Australian athlete."
Name an English professional footballer who plays as a defender for Premier League club AFC Bournemouth?,Jack Benjamin Simpson (born 18 December 1996) is an English professional footballer who plays as a defender for Premier League club AFC Bournemouth.
"Name an Australian politician, and a member of the Victorian Legislative Council for Melbourne Province?","Maurice Patrick Sheehy (12 June 1893 – 10 January 1961) was an Australian politician, and a member of the Victorian Legislative Council for Melbourne Province."
When did Douglas James Shave die?,Douglas James Shave (4 January 1947 – 5 August 2017) was an Australian politician.
Name a  former Australian cricketer who played several first-class matches for Queensland and later served in local government as the mayor?,"Donald Harry Seccombe  (born 3 April 1942) is a former Australian cricketer who played several first-class matches for Queensland during the early 1960s, and later served in local government as the mayor of Redland Shire."
Name the reasurer of Victoria and inaugural president of the Melbourne Cricket Club?,"Frederick Armand Powlett (6 January 1811 – 9 June 1865) was a Treasurer of Victoria and inaugural president of the Melbourne Cricket Club.Powlett was born in Shropshire, England, the son of the Reverend Charles Powlett and descendant of cricket administrator Charles Powlett (1728–1809)."
"Who is Sir Hubert Ferdinand Opperman, Kt OBE referred to as?","Sir Hubert Ferdinand Opperman, Kt OBE (29 May 1904 – 18 April 1996), referred to as Oppy by Australian and French crowds, was an Australian cyclist and politician, whose endurance cycling feats in the 1920s and 1930s earned him international acclaim."
Name a former Australian politician and Australian rules footballer who played for the Port Adelaide Football Club in the South Australian National Football League? ,Christopher William Natt (born 9 December 1952) is a former Australian politician and Australian rules footballer who played for the Port Adelaide Football Club in the South Australian National Football League (SANFL).
"When was Walter Raymond ""Ray"" McPharlin  born?","Walter Raymond ""Ray"" McPharlin (21 February 1916 – 13 July 1991) was the Country Party member for Mount Marshall in the Western Australian Legislative Assembly from 1967 to 1983.He played football for East Fremantle from 1938 to 1939 and in 1941, and was elected to the Assembly in 1967."
"Name a former Australian politician who served as a member of the House of Representatives from 1990 to 1998, representing the Liberal Party.","Ian Murray McLachlan AO (born 2 October 1936) is a former Australian politician who served as a member of the House of Representatives from 1990 to 1998, representing the Liberal Party."
Name a Congressionally designated wilderness area located in western Montana in the United States?,The Bob Marshall Wilderness Area is a Congressionally designated wilderness area located in western Montana in the United States.
When was Samuel John Everett Loxton born?,"Samuel John Everett Loxton, OBE (29 March 1921 – 3 December 2011) was an Australian cricketer, footballer and politician."
Name an Australian politician who served as the Liberal member for Lalor from 1966 to 1969?,Mervyn William Lee (18 August 1920 – 13 December 2009) was an Australian politician who served as the Liberal member for Lalor from 1966 to 1969.
"Name an Australian former professional rugby league footballer, and a former Australian Senator","Glenn Patrick Lazarus (born 11 December 1965) is an Australian former professional rugby league footballer, and a former Australian Senator."
"Who was Gilbert Roche Andrews ""Gil"" Langley?","Gilbert Roche Andrews ""Gil"" Langley  (14 September 1919 – 14 May 2001) was an Australian Test cricketer, champion Australian rules footballer and member of parliament, serving as Speaker of the South Australian House of Assembly from 1977 to 1979 for the Don Dunstan Labor government."
"When was Sir Wilfrid Selwyn ""Bill"" Kent Hughes born?","Sir Wilfrid Selwyn ""Bill"" Kent Hughes  (12 June 1895 – 31 July 1970) was an Australian army officer and politician who had a long career in both state and federal politics, most notably as a minister in the Menzies Government."
"Name an an Australian politician, psychologist and vegan bodybuilder?","Emma Christine Hurst (born 1981) is an Australian politician, psychologist and vegan bodybuilder."
"Who is Rendle McNeilage ""Mac"" Holten CMG?","Rendle McNeilage ""Mac"" Holten CMG (29 March 1922 – 12 October 1996) was an Australian politician and sportsman."
Who was an Australian politician who was a Liberal Party member of the Legislative Assembly of Western Australia from 1950 to 1968? ,"John Merrifield Hearman CMG (10 November 1910 – 20 February 1994) was an Australian politician who was a Liberal Party member of the Legislative Assembly of Western Australia from 1950 to 1968, representing the seat of Blackwood."
When did Arthur Courthope Gull die?,"Arthur Courthope Gull (1 January 1867 – 30 March 1951) was an Australian politician who served as a member of the Legislative Assembly of Western Australia from 1905 to 1908, representing the seat of Swan."
Name a former professional tennis player who was a grass court specialist?,"Bob Gary Giltinan OAM (born 4 July 1949 in Sydney, New South Wales, Australia) is a former professional tennis player who was a grass court specialist."
Who is John Hogan 'Jack' Gervasoni? ,John Hogan 'Jack' Gervasoni  (29 September 1929 – 9 February 1992) was an Australian rules footballer who played for Fitzroy in the Victorian Football League (VFL) and captain-coached Northcote in the Victorian Football Association (VFA).
"Name  a Scottish advocate, judge, writer and historian who served as Professor of Universal History at the University of Edinburgh?","Alexander Fraser Tytler, Lord Woodhouselee FRSE (15 October 1747 – 5 January 1813) was a Scottish advocate, judge, writer and historian who served as Professor of Universal History, and Greek and Roman Antiquities at the University of Edinburgh."
"When did Thomas William ""Tom"" Fox die? ","Thomas William ""Tom"" Fox (July 7, 1951 – March 9, 2006) was an American Quaker peace activist, affiliated with Christian Peacemaker Teams (CPT) in Iraq."
When was Patrick Francis Daniel Farmer  born?,"Patrick Francis Daniel Farmer  (born 14 March 1962), an ultra-marathon athlete, motivational speaker, and former Australian politician, was a Member of the Australian House of Representatives, representing the seat of Macarthur in south-west Sydney, New South Wales from 2001 to 2010, as a member of the Liberal Party."
When was Henry Rowland Gascoigne Dumaresq born? ,Henry Rowland Gascoigne Dumaresq (20 February 1839 – 31 October 1924) was an Australian politician who represented the  electoral district of Longford in the Tasmanian House of Assembly between 1886 and 1903.
Name an Australian politician who serves as a senator for Victoria?,Richard Luigi Di Natale (born 6 June 1970) is an Australian politician who serves as a senator for Victoria.
What is Sir John George Davies generally known as?,"Sir John George Davies  (17 February 1846 – 12 November 1913), generally known as (Sir) George Davies, was a Tasmanian politician, newspaper proprietor and first-class cricketer."
When did Percy Brereton Colquhoun die?,"Percy Brereton Colquhoun (28 September 1866 – 23 October 1936) was an Australian parliamentarian, lawyer and sportsman."
Name an Australian cricketer who played for Tasmania from 1971 until 1979?,Anthony John Benneworth (12 December 1950 – 10 March 2018) was an Australian cricketer who played for Tasmania from 1971 until 1979.
"Who is Sir Francis ""Frank"" Joseph Edmund Beaurepaire?","Sir Francis ""Frank"" Joseph Edmund Beaurepaire (13 May 1891 – 29 May 1956) was an Australian distance freestyle swimmer from the 1900s to the 1920s, who won three silver and three bronze medals, from the 1908 Summer Olympics in London to the 1924 Summer Olympics in Paris, setting 15 world records."
Name a Canadian lawyer and politician who served as the 17th prime minister of Canada?,"John Napier Wyndham Turner  (born June 7, 1929) is a Canadian lawyer and politician who served as the 17th prime minister of Canada from June 30 to September 17, 1984."
"When was Ravinder ""Ravi"" Kahlon born?","Ravinder ""Ravi"" Kahlon (born May 15, 1979 in Victoria, British Columbia) is a Canadian politician and field hockey player."
"Who is Michael Patrick ""Mickey"" Hennessy?","Michael Patrick ""Mickey"" Hennessy (August 8, 1915 — March 5, 1991) was a boxer and politician in Ontario, Canada."
Name a former Canadian Senator for British Columbia and a champion alpine skier voted as Canada's Female Athlete of the 20th Century.,"Nancy Catherine Greene Raine  (born May 11, 1943) is a former Canadian Senator for British Columbia and a champion alpine skier voted as Canada's Female Athlete of the 20th Century."
Name a  Canadian sportsman and a military commander who served in both World War I and II?,"Major-General Hardy Nelson Ganong CBE, VD, ED (Apr 18, 1890 - February 24, 1963) was a Canadian sportsman and a military commander who served in both World War I and II."
Who is Maria Michelle Fitzpatrick?,"Maria Michelle Fitzpatrick (born February 18, 1949) is a Canadian politician who was elected in the 2015 Alberta general election to the Legislative Assembly of Alberta representing the electoral district of Lethbridge-East."
Name a Canadian politician and the seventh Lieutenant Governor of Nova Scotia?,"Sir Malachy Bowes Daly  (February 6, 1836 – April 26, 1920) was a Canadian politician and the seventh Lieutenant Governor of Nova Scotia."
Name a a Canadian professional football player and politician?,"Emery Oakland Barnes, OBC (December 15, 1929 – July 1, 1998) was a Canadian professional football player and politician."
When did Sir Arthur Alexander Priestley die?,Sir Arthur Alexander Priestley (9 November 1865 – 10 April 1933) was an English Liberal Party politician and cricketer.
"Name a  British businessman, civil servant, publisher, politician and spelling reformer?","Sir Isaac James Pitman, KBE (14 August 1901 – 1 September 1985) was a British businessman, civil servant, publisher, politician and spelling reformer."
Who is William Saunders Sebright Lascelles PC?,William Saunders Sebright Lascelles PC (29 October 1798 – 2 July 1851) was a British Whig politician.
Name a Northern Ireland Ulster Unionist Party politician?,Clifford Forsythe (25 August 1929 – 27 April 2000) was a Northern Ireland Ulster Unionist Party politician.
Name a Welsh international rugby union wing who won two caps for the Wales national rugby union team?,"David Evans George ""Ewan"" Davies (23 June 1887 – 2 September 1979) was a Welsh international rugby union wing who won two caps for the Wales national rugby union team."
Who is Daniel Alan Byles FRGS?,"Daniel Alan Byles FRGS (born 24 June 1974) is a British politician, ocean rower, polar adventurer, mountaineer, and sailor."
Who was the earliest of three stallions that were the founders of the modern Thoroughbred horse racing bloodstock?,"The Byerley Turk (c. 1680 – c. 1706), also spelled Byerly Turk, was the earliest of three stallions that were the founders of the modern Thoroughbred horse racing bloodstock (the other two are the Godolphin Arabian and the Darley Arabian)."
When was Arthur Henry Bromley-Davenport born?,"Arthur Henry Bromley-Davenport (29  October 1867 – 15 December 1946), better known as A. Bromley Davenport, was an English actor born in Baginton, Warwickshire, England, UK.Bromley-Davenport made appearances in at least 77 films for television and cinema between 1920 and 1944."
Name a manufacturer of firearms under the Harrington & Richardson and New England Firearms trademarks?,"H&R 1871, LLC (Harrington & Richardson) is a manufacturer of firearms under the Harrington & Richardson and New England Firearms trademarks."
Name a British aristocrat and polo player who styled as Earl of Sunderland until 2014?,"George John Godolphin Spencer-Churchill, Marquess of Blandford (born 28 July 1992), styled as Earl of Sunderland until 2014, is a British aristocrat and polo player."
Who is Sir Francis Christopher Buchan Bland?,Sir Francis Christopher Buchan Bland (29 May 1938 – 28 January 2017) was a British businessman and politician.
When did William Henry Cavendish-Bentinck die?,"William Henry Cavendish-Bentinck  (14 September 1774 – 17 June 1839), known as Lord William Bentinck, was a British soldier and statesman."
Name an English amateur cricketer who played first-class cricket from 1820 to 1837 and a Whig politician?,Charles James Barnett (31 October 1796–31 December 1882) was an English amateur cricketer who played first-class cricket from 1820 to 1837 and a Whig politician who sat in the House of Commons from 1831 to 1835.
"Name a  professional Russian kickboxer, multiple world champion, social and political activist, member of the People's Khural of Kalmykia? ","Batu Sergeyevich Khasikov (Oirat: Хасгин Бату; Hasgin Batu; born June 28, 1980) is a professional Russian kickboxer, multiple world champion (ISKA, WAKO PRO, WKA and W5 K-1  World Champion, WAKO PRO European Champion), social and political activist, member of the People's Khural of Kalmykia (2008-2012) and representative for the Republic of Kalmykia in the Federation Council (2012-2014)."
"Name a Norwegian fencer, sports official and businessperson?","Hans Bergsland (15 November 1878 – 9 June 1956) was a Norwegian fencer, sports official and businessperson."
Name a retired Dutch politician of the People's Party for Freedom and Democracy?,Erica Georgina Terpstra (born 26 May 1943) is a retired Dutch politician of the People's Party for Freedom and Democracy (VVD).
Name a Northern Irish Unionist politician who served as Chairman of the Independent Unionist Association?,William McConnell Wilton was a Northern Irish Unionist politician who served as Chairman of the Independent Unionist Association.
When did Augustine Mary Moore Stack die?,Augustine Mary Moore Stack (7 December 1879 – 27 April 1929) was an Irish revolutionary and politician.
Who is Grace O'Sullivan?,Grace O'Sullivan (born 8 March 1962) is an Irish politician who has been a Member of the European Parliament (MEP) from Ireland for the South constituency since July 2019.
Who is Donogh Brendan O'Malley?,"Donogh Brendan O'Malley (17 January 1921 – 10 March 1968) was an Irish Fianna Fáil politician and rugby union player who served as Minister for Education from 1966 to 1968, Minister for Health from 1965 to 1966 and Parliamentary Secretary to the Minister for Finance from 1961 to 1965."
When was Bartholomew O'Keeffe born?,"Bartholomew O'Keeffe (born 2 April 1945) is a former Irish Fianna Fáil politician who served as Minister for Enterprise, Trade and Innovation from 2010 to 2011, Minister for Education and Science from 2008 to 2010, Minister of State for Housing and Urban Renewal from 2007 to 2008 and Minister of State for Environmental Protection from 2004 to 2007."
"What is Paul James Grady, an English comedian, television presenter, actor, writer, radio host, producer, and former drag queen better known as?","Paul James Grady, MBE (born 14 June 1955), better known as Paul O'Grady, is an English comedian, television presenter, actor, writer, radio host, producer, and former drag queen."
Who is Sir Henry George Hill Mulholland?,"Sir Henry George Hill Mulholland, 1st Baronet, PC DL (20 December 1888 – 5 March 1971) was a Northern Ireland politician."
Name a a former association footballer and a politician who is Ireland's oldest public representative either side of the island's border?,Ian McGarvey (born July 1929) is a former association footballer and a politician who is Ireland's oldest public representative either side of the island's border.
"What was James Larkin, an Irish republican, socialist and trade union leader sometimes known as?","James Larkin (21 January 1876 – 30 January 1947), sometimes known as Jim Larkin, was an Irish republican, socialist and trade union leader."
When was Colm M. Hilliard born?,"Colm M. Hilliard (28 May 1936 – 14 January 2002) was an Irish Fianna Fáil politician who sat for fifteen years as Teachta Dála (TD) for Meath.He was first elected to Dáil Éireann at the February 1982 general election, replacing retiring Labour Party TD James Tully, and giving Fianna Fáil three out of five Meath seats in the 23rd Dáil."
"Name an Irish poet, author, otolaryngologist, athlete, politician, and well-known conversationalist?","Oliver Joseph St John Gogarty (17 August 1878 – 22 September 1957) was an Irish poet, author, otolaryngologist, athlete, politician, and well-known conversationalist."
"When was Kenneth ""Kenny"" Egan born?","Kenneth ""Kenny"" Egan (born 7 January 1982) is an Irish politician and amateur boxer from Clondalkin, Dublin best known for winning a Silver Medal in the final of the 81 kg, Light-Heavyweight boxing final at the 2008 Olympics."
Name a former Irish Fine Gael politician who served as Minister of State for the Diaspora from 2014 to 2016?,"Jimmy Deenihan (born 11 September 1952) is a former Irish Fine Gael politician who served as Minister of State for the Diaspora from 2014 to 2016, Minister for Arts, Heritage and the Gaeltacht from 2011 to 2014 and Minister of State at the Department of Agriculture, Food and Forestry from 1994 to 1997."
Who was Air Marshal Sir George Robert Beamish?,"Air Marshal Sir George Robert Beamish,  (29 April 1905 – 13 November 1967) was a senior commander in the Royal Air Force from the Second World War to his retirement in the late 1950s."
Who is Dermot Christopher Ahern?,"Dermot Christopher Ahern (born 20 April 1955) is an Irish former Fianna Fáil politician who served as Minister for Justice and Law Reform from 2008 to 2011, Minister for Foreign Affairs from 2004 to 2008, Minister for Communications, Marine and Natural Resources from 2002 to 2004, Minister for Social, Community and Family Affairs from 1997 to 2002 and Government Chief Whip and Minister of State at the Department of Defence from 1991 to 1992."
Who is Vasilis Papageorgopoulos?,"Vasilis Papageorgopoulos (Greek: Βασίλης Παπαγεωργόπουλος; born June 27, 1947) is a retired Greek sprinter, former mayor of Thessaloniki."
Who is Maurice Bienvenu Jean Paul Trintignant?,"Maurice Bienvenu Jean Paul Trintignant (30 October 1917, in Sainte-Cécile-les-Vignes, Vaucluse – 13 February 2005, in Nîmes) was a motor racing driver and vintner from France."
Name an Olympic champion and politician who won gold at the 1976 Summer Olympics in Montreal in the 110 m hurdles?,Guy Drut (born 6 December 1950) is an Olympic champion and politician who won gold at the 1976 Summer Olympics in Montreal in the 110 m hurdles.
Who is David Donald Hubert Roger Douillet?,David Donald Hubert Roger Douillet (French pronunciation: ​[david dɔnald ybɛʁ ʁɔʒe dujɛ]; born 17 February 1969) is a retired French judoka and politician.
When was Juha Iisakki Mieto born?,"Juha Iisakki Mieto (born 20 November 1949) is a Finnish former cross-country skier, who was born in Kurikka."
Name a Finnish politician in the left-wing Finnish People's Democratic League?,Kuuno Ola Honkonen (1 March 1922 – 9 July 1985) was a Finnish politician in the left-wing Finnish People's Democratic League.
Who is Chi Ling Dai Cheng?,"Chi Ling Dai Cheng (July 15, 1970 – April 13, 2013) was an American musician and poet, best known as the bassist and backing vocalist for the American alternative metal band Deftones."
Name a former Sri Lankan cricketer and a former captain of the Sri Lankan national team?,Deshabandu Sanath Teran Jayasuriya (Sinhala: සනත් ටෙරාන් ජයසූරිය; born 30 June 1969) is a former Sri Lankan cricketer and a former captain of the Sri Lankan national team.
Name a Filipino former professional basketball player and television personality?,"Christopher John Alandy-Dy Tiu (born on July 15, 1985) is Filipino former professional basketball player and television personality."
"Who is Alberto ""Bobby"" Dapidran Pacquiao?","Alberto ""Bobby"" Dapidran Pacquiao (born Alberto Mejia Pacquiao on April 23, 1980) is a Filipino former professional boxer."
"Name a Filipino politician, serving as mayor of the municipality of Bulakan, Bulacan?","Vergel Meneses (born January 14, 1969, Malolos, Bulacan) is a Filipino politician, serving as mayor of the municipality of Bulakan, Bulacan."
"What is Rosalio D. Martires,  a Filipino retired basketball player, actor and comedian also known as?","Rosalio D. Martires (born September 9, 1951), also known as Yoyong Martirez, is a Filipino retired basketball player, actor and comedian."
Name a Filipino journalist and politician who gained widespread attention as Mayor of Manila from 1952 to 1962?,"Arsenio H. Lacson (December 26, 1912 – April 15, 1962) was a Filipino journalist and politician who gained widespread attention as Mayor of Manila from 1952 to 1962."
Name the 22nd and current Prime Minister of Pakistan and the chairman of the Pakistan Tehreek-e-Insaf?,Imran Ahmed Khan Niazi  (Urdu: عمران احمد خان نیازی‎; born 5 October 1952) is the 22nd and current Prime Minister of Pakistan and the chairman of the Pakistan Tehreek-e-Insaf (PTI).
"What is Syed Iftikhar Ali Bokhari, a Pakistani former politician and cricketer also known as?","Syed Iftikhar Ali Bokhari (born 6 July 1935 in Lahore), also known as IA Bokhari, is a Pakistani former politician and cricketer."
"Name a former sumo wrestler from Aomori, Japan?","Hayateumi Hidehito (born July 5, 1975 as Naohito Saitō) is a former sumo wrestler from Aomori, Japan."
"Name a Japanese politician, former speed skater and track cycling sprinter?","Seiko Hashimoto (Japanese: 橋本 聖子, Hashimoto Seiko, born 5 October 1964) is a Japanese politician, former speed skater and track cycling sprinter."
Who is Seyed Hamid Sajjadi Hazaveh?,"Seyed Hamid Sajjadi Hazaveh (Persian: سید حمید سجادی هزاوه‎, born 21 March 1969) is an Iranian retired middle distance and long distance runner."
Name an Iranian wrestler who won Olympic bronze medals in 1992 and 1996?,"Amir Reza Khadem Azghadi (Persian: امیررضا خادم ازغدی‎, born February 10, 1970) is an Iranian wrestler who won Olympic bronze medals in 1992 and 1996."
"Name an Iranian politician, who served as the minister of economic affairs and finance from 2008 to 2013?","Shamseddin Hosseini (born 1967) is an Iranian politician, who served as the minister of economic affairs and finance from 2008 to 2013."
Name a hockey player turned politician in India and belongs to the Indian National Congress in Punjab?,Pargat Singh (born 5 March 1965) is a hockey player turned politician in India and belongs to the Indian National Congress in Punjab.
What is Maharaja Karni Singh ji also known as?,"Maharaja Karni Singh ji  (21 April 1924 – 6 September 1988) also known as  Dr Karni Singh, was from 1950 the last Maharaja of Bikaner State to hold the title of Maharaja of Bikaner, officially, till 1971, when the privy purse and all the royal titles were abolished by the Republic of India."
When was Col. Rajyavardhan Singh Rathore born?,"Col. Rajyavardhan Singh Rathore, , (born 29 January 1970) is an Indian politician, Olympic medallist and retired Indian Army officer."
When did Manoharsinhji Pradyumansinhji Jadeja die?,Manoharsinhji Pradyumansinhji Jadeja (18 November 1935 – 27 September 2018) was an Indian nobleman and politician.
Who is Sachin Ramesh Tendulkar?,Sachin Ramesh Tendulkar ( (listen); born 24 April 1973) is an Indian former international cricketer and a former captain of the Indian national team.
Name a retired international footballer and an Arjuna Award Winner (1979)?,"Prasun Banerjee is a retired international footballer and an Arjuna Award Winner (1979) from Kolkata, India."
Name a former cricketer who was the Member of Parliament in the Lok Sabha from Moradabad?,"Mohammad Azharuddin is an Indian politician,  former cricketer who was the Member of Parliament in the Lok Sabha from Moradabad."
When was Kirtivardhan Bhagwat Jha Azad born?,Kirtivardhan Bhagwat Jha Azad pronunciation  (born 2 January 1959) is a politician and former cricketer and who played 7 Tests and 25 ODIs for  India between 1980 and 1986.
Who is the president of the South African Football Association (SAFA)?,"Daniel Alexander ""Danny"" Jordaan (born 3 September 1951) is the president of the South African Football Association (SAFA)."
Name a Canadian politician who has served as the 23rd prime minister of Canada since 2015?,"Justin Pierre James Trudeau  (, listen; French: [ʒystɛ̃ tʁydo]; born December 25, 1971) is a Canadian politician who has served as the 23rd prime minister of Canada since 2015 and has been the leader of the Liberal Party since 2013."
Name an Indian politician who was the President of the Indian National Congress from 16 December 2017 to 3 July 2019?,Rahul Gandhi (pronunciation  [ˈraːɦʊl ˈɡaːnd̪ʱiː]) (born 19 June 1970) is an Indian politician who was the President of the Indian National Congress from 16 December 2017 to 3 July 2019.
Name an Indian politician who served as the 7th Deputy Prime Minister of India from 2002 to 2004?,Lal Krishna Advani (born 8 November 1927) is an Indian politician who served as the 7th Deputy Prime Minister of India from 2002 to 2004 under Atal Bihari Vajpayee.
Who was Avul Pakir Jainulabdeen Abdul Kalam?,Avul Pakir Jainulabdeen Abdul Kalam ( (listen); 15 October 1931 – 27 July 2015) was an aerospace scientist who served as the 11th President of India from 2002 to 2007.
"Name an Indian economist, academic, and politician who served as the 13th Prime Minister of India?","Manmohan Singh (Punjabi: [mənˈmoːɦən ˈsɪ́ŋɡ] (listen); born 26 September 1932) is an Indian economist, academic, and politician who served as the 13th Prime Minister of India from 2004 to 2014."
Name an Indian politician who served as the 13th President of India?,Pranab Mukherjee (born 11 December 1935) is an Indian politician who served as the 13th President of India from 2012 until 2017.
"Name an Indian politician serving as the 14th President of India, in office since 25 July 2017?","Ram Nath Kovind (born 1 October 1945) is an Indian politician serving as the 14th President of India, in office since 25 July 2017."
Name an Indian politician serving as the 14th and current Prime Minister of India?,Narendra Damodardas Modi (Gujarati pronunciation: [ˈnəɾendrə dɑmodəɾˈdɑs ˈmodiː] (listen); born 17 September 1950) is an Indian politician serving as the 14th and current Prime Minister of India since 2014.
Who is Pulloli Thomas Chacko?,Pulloli Thomas Chacko was a prominent politician of Travancore and later Kerala.
"What is Arackaparambil Kurien Antony, who was the 23rd Defence Minister of India better known as?","Arackaparambil Kurien Antony, better known as A. K. Antony (born 28 December 1940) is an Indian politician and attorney who was the 23rd Defence Minister of India and he was also the Chief Minister of Kerala."
When was Velikkakathu Sankaran Achuthanandan born?,Velikkakathu Sankaran Achuthanandan (born 20 October 1923) is a veteran Indian politician who was Chief Minister of Kerala from 2006 to 2011.
Who was the third Chief Minister of Kerala from 1962 to 1964?,R. Sankar (30 April 1909 – 7 November 1972) was the third Chief Minister of Kerala from 1962 to 1964.
Name an Indian politician who is the current Chief Minister of Kerala?,"Pinarayi Vijayan (born 24 May 1944 in Pinarayi) is an Indian politician who is the current Chief Minister of Kerala, serving since 25 May 2016."
Name an English composer and impresario of musical theatre?,"Andrew Lloyd Webber, Baron Lloyd-Webber (born 22 March 1948) is an English composer and impresario of musical theatre."
What is Sir Edward Richard George Heath often known as?,"Sir Edward Richard George Heath  (9 July 1916 – 17 July 2005), often known as Ted Heath, was a British politician who served as Prime Minister of the United Kingdom from 1970 to 1974 and Leader of the Conservative Party from 1965 to 1975."
Name a British Conservative politician who served as Prime Minister of the United Kingdom from 1957 to 1963?,"Maurice Harold Macmillan, 1st Earl of Stockton,  (10 February 1894 – 29 December 1986) was a British Conservative politician who served as Prime Minister of the United Kingdom from 1957 to 1963."
Who is Arthur Neville Chamberlain?,Arthur Neville Chamberlain  (; 18 March 1869 – 9 November 1940) was a British Conservative politician who served as Prime Minister of the United Kingdom from May 1937 to May 1940.
Name a a Belgian journalist and politician of the New Flemish Alliance?,Johan Van Overtveldt (born 24 August 1955) is a Belgian journalist and politician of the New Flemish Alliance (N-VA).
Who is Beatrix Amelie Ehrengard Eilika von Storch?,Beatrix Amelie Ehrengard Eilika von Storch (née Duchess of Oldenburg; 27 May 1971) is a German politician who has been Deputy Leader of the Alternative for Germany since July 2015 and Member of the Bundestag since September 2017.
"Name a Finnish politician who served as Minister for European Affairs, Culture and Sports?","Sampo Terho (Born 20 September 1977) is a Finnish politician who served as Minister for European Affairs, Culture and Sports."
When was Dr Timothy Charles Ayrton Tannock born?,"Dr Timothy Charles Ayrton Tannock  (born 25 September 1957) is a British politician, psychiatrist, and former Member of the European Parliament for London for the Conservative Party."
Name a Belgian politician of the New Flemish Alliance (N-VA) and member of the European Parliament?,Helga Stevens (born 9 August 1968) is a Belgian politician of the New Flemish Alliance (N-VA) and member of the European Parliament since 2014.
Who is Monica Luisa Macovei?,"Monica Luisa Macovei (Romanian pronunciation: [moˈnika luˈisa makoˈvej]; born 4 February 1959) is a Romanian politician, lawyer and former prosecutor, currently a Member of the European Parliament from the European Conservatives and Reformists and formerly a member of the Romanian Democratic Liberal Party."
When was Jussi Kristian Halla-aho born?,Jussi Kristian Halla-aho (born 27 April 1971) is a Finnish politician and a member of the Parliament of Finland  (MP).
When was Thakur Artha Niranjan Joseph De Silva Deva Aditya born?,"Thakur Artha Niranjan Joseph De Silva Deva Aditya,  (born 11 May 1948), known as Nirj Deva, is a British politician."
Name a Dutch politician and former Member of the European Parliament (MEP) from the Netherlands?,"Bastiaan ""Bas"" Belder (born 25 October 1946) is a Dutch politician and former Member of the European Parliament (MEP) from the Netherlands."
Who is Nikolay Tihomirov Barekov?,"Nikolay Tihomirov Barekov (Bulgarian: Николай Тихомиров Бареков) (born 16 October 1972) is a Bulgarian journalist, politician, and businessman."
Name an American retired professional basketball player who played 15 seasons in the National Basketball Association (NBA)?,"Douglas Dale Christie (born May 9, 1970) is an American retired professional basketball player who played 15 seasons in the National Basketball Association (NBA)."
When did Sinclair McKnight Stevens die?,"Sinclair McKnight Stevens,  (February 11, 1927 – November 30, 2016) was a Canadian lawyer, businessman and cabinet minister."
"Name a Canadian political activist, tax reform advocate, politician, and author?","Jean-Serge Brisson (born June 28, 1954) is a Canadian political activist, tax reform advocate, politician, and author."
When was Rodney Sturt Taylor born?,Rodney Sturt Taylor (11 January 1930 – 7 January 2015) was an Australian-American actor.
"Name a Canadian political activist and former school trustee in Surrey, British Columbia?","Heather Stilwell (January 26, 1944 – December 3, 2010) was a Canadian political activist and former school trustee in Surrey, British Columbia."
Who is Edward John Vanwoudenberg?,"Edward John Vanwoudenberg is a Canadian minor-party politician, and was head of the Christian Heritage Party of Canada, from the party's founding convention in 1987 until 1991."
Name a Canadian economist and politician who served as the 22nd prime minister of Canada?,"Stephen Joseph Harper   (born April 30, 1959) is a Canadian economist and politician who served as the 22nd prime minister of Canada for nearly a decade, from February 6, 2006, to November 4, 2015."
When did Elsie Eleanore Wayne die?,"Elsie Eleanore Wayne (née Fairweather; April 20, 1932 – August 23, 2016) was a Canadian politician who served as a Progressive Conservative member of parliament for Saint John from 1993 to 2004."
"What is John James Charest, a Canadian politician who served as the 29th premier of Quebec known as?","John James Charest  (born June 24, 1958), known as Jean Charest, is a Canadian politician who served as the 29th premier of Quebec, from 2003 to 2012; the deputy prime minister of Canada from June 25, 1993, until November 4, 1993; the leader of the federal Progressive Conservative Party of Canada from 1993 to 1998; and the leader of the Quebec Liberal Party from 1998 to 2012."
"Who is a Canadian politician, diplomat, lawyer and writer who served as the 19th prime minister of Canada?","Avril Phaedra Douglas ""Kim"" Campbell  (born March 10, 1947) is a Canadian politician, diplomat, lawyer and writer who served as the 19th prime minister of Canada from June 25, 1993, to November 4, 1993."
When was Martin Brian Mulroney born?,"Martin Brian Mulroney  (; born March 20, 1939) is a Canadian politician who served as the 18th prime minister of Canada from September 17, 1984, to June 25, 1993."
Name a Canadian lawyer and politician who served as the eighth prime minister of Canada?,"Sir Robert Laird Borden,  (June 26, 1854 – June 10, 1937) was a Canadian lawyer and politician who served as the eighth prime minister of Canada, in office from 1911 to 1920."
"What is Peter David Broughton, a New Zealand stage and screen actor, director and writer generally known as?","Peter David Broughton , generally known as Rawiri Paratene, is a New Zealand stage and screen actor, director and writer."
Name an Australian politician serving as the 30th and current Prime Minister of Australia?,Scott John Morrison (born 13 May 1968) is an Australian politician serving as the 30th and current Prime Minister of Australia having become the leader of the governing Liberal Party in August 2018.
"When was Gary Stephen ""Angry"" Anderson AM born?","Gary Stephen ""Angry"" Anderson AM (born 5 August 1947) is an Australian rock singer-songwriter, television presenter-reporter and actor."
What is Percy Mahendra Rajapaksa commonly known as?,"Percy Mahendra Rajapaksa commonly known as Mahinda Rajapaksa (Sinhala: මහින්ද රාජපක්ෂ, Tamil: மஹிந்த ராஜபக்ஷ; born 18 November 1945) is a Sri Lankan politician currently serving as the Prime Minister of Sri Lanka since 21 November 2019 after being appointed by his brother, President Gotabaya Rajapaksa."
When was Robinhood Ferdinand Cariño Padilla born?,"Robinhood Ferdinand Cariño Padilla (born November 23, 1969) is a Filipino film actor, screenwriter, producer and director."
"What was Enrico de Jesus Puno, a Filipino singer, television host, actor, comedian & politician better known as?","Enrico de Jesus Puno (February 13, 1953 – October 30, 2018), better known as Rico J. Puno, was a Filipino singer, television host, actor, comedian & politician."
What is Manuel Monsour Tabib del Rosario III best known as?,"Manuel Monsour Tabib del Rosario III (born May 11, 1965), best known as Monsour del Rosario, is an former congressman representing the first legislative district of Makati, and former City Council from 1st district of Makati."
"What is Lucy Torres Gomez, a Filipina actress and politician and the current representative of the 4th District of Leyte known as?","Lucy Torres Gomez (born December 11, 1974) more commonly known as Lucy Torres is a Filipina actress and politician and the current representative of the 4th District of Leyte."
"When was Luciano Mariaño ""Lou"" Veloso born?","Luciano Mariaño ""Lou"" Veloso (born January 7, 1950) is a Filipino actor, comedian, theater actor, musical theater director, movie director and politician."
Who is Julian Marcus Daang Trono?,"Julian Marcus Daang Trono (born September 16, 1997) is a Filipino actor, dancer, choreographer and media personality."
"Name a Filipino actor, comedian, and politician who was formerly under GMA Network?","Ramon ""Jolo"" Revilla III (born José Lorenzo Hernández Bautista III, March 15, 1988) is a Filipino actor, comedian, and politician who was formerly under GMA Network."
"What was Joselito Perez Marquez, a Filipino actor, comedian, politician and former professional basketball player in the Philippine Basketball Association better known as?","Joselito Perez Marquez, better known as Joey Marquez, is a Filipino actor, comedian, politician and former professional basketball player in the Philippine Basketball Association."
What is Jose Pimentel Ejercito Jr. better known as?,"Jose Pimentel Ejercito Jr. (born February 17, 1963), better known as Jinggoy Estrada (Tagalog: [dʒɪŋˈɡoɪ]), is a Filipino politician, actor & film producer."
"When was Herbert Constantine ""Bistek"" Maclang Bautista born?","Herbert Constantine ""Bistek"" Maclang Bautista (born May 12, 1968) is a Filipino actor and politician."
"Name an an American-born Filipino actor, comedian, politician, television personality and United States Air Force veteran?","Eduardo Barrios Manzano (born September 14, 1955) is an American-born Filipino actor, comedian, politician, television personality and United States Air Force veteran."
"What is Andrés José Garchitorena Yllana Jr, an actor-comedian, television host and politician better known as?","Andrés José Garchitorena Yllana Jr., better known as Anjo Yllana (born April 24, 1968), is an actor-comedian, television host and politician."
"What is Angelica B. Alarva,  a singer actress and politician in the Philippines better known as?","Angelica B. Alarva (born January 20, 1983), known as Angelica Jones, is a singer actress and politician in the Philippines."
"When was Alfred Vargas, a Filipino public servant, actor and model born?","Alfred Vargas (born October 24, 1981) is a Filipino public servant, actor and model."
Who is Ariel Aquino Muhlach?,"Ariel Aquino Muhlach (Tagalog pronunciation: [ˈmulax], born August 12, 1969), commonly known as Aga Muhlach, is a multi-award winning Filipino actor and product endorser.He was introduced to the entertainment industry using his real name ""Ariel Muhlach"" at the age of seven when he appeared in the 1975 film May Isang Tsuper ng Taksi and the 1976 film, Babaing Hiwalay Sa Asawa, but he only became well known (under his new screen name ""Aga Muhlach"") with the success of the 1984 film Bagets, after which he became a popular matinee idol."
Name a Japanese actor and politician of the Constitutional Democratic Party of Japan (CDP)?,"Katsuhiko Yokomitsu (横光 克彦, Yokomitsu Katsuhiko, born November 4, 1943) is a Japanese actor and politician of the Constitutional Democratic Party of Japan (CDP), a member of the House of Representatives in the National Diet (national legislature)."
"Name a Japanese politician of the New Komeito Party, a member of the House of Councillors in the Diet?","Akira Matsu (松 あきら, Matsu Akira, born December 3, 1947) is a Japanese politician of the New Komeito Party, a member of the House of Councillors in the Diet (national legislature)."
Name a Japanese politician and author who was Governor of Tokyo from 1999 to 2012?,"Shintaro Ishihara (石原 慎太郎, Ishihara Shintarō, born 30 September 1932) is a Japanese politician and author who was Governor of Tokyo from 1999 to 2012."
Who is Rajpal Yadav?,"Rajpal Yadav is an Indian actor, known for his works in Hindi cinema."
"When was Vijayaraj Alagarswami,  an Indian politician and film actor who has worked predominantly in Tamil cinema born?","Vijayaraj Alagarswami  (born 25 August 1952), better known by his stage name Vijayakanth, is an Indian politician and film actor who has worked predominantly in Tamil cinema."
"What is Upendra Rao, an Indian filmmaker, actor and politician known for his work in Kannada cinema also known as?","Upendra Rao, also known as Upendra, is an Indian filmmaker, actor and politician known for his work in Kannada cinema."
"When did Upendra Jethalal Trivedi, an Indian film and stage actor, director and producer die?","Upendra Jethalal Trivedi (14 July 1936 –  4 January 2015) was an Indian film and stage actor, director and producer who was one of the most prolific actors of Gujarati cinema."
Name a former national secretary of Bharatiya Janata Party and an Indian actor who has acted in films like Chalte Chalte and Dushman?,Vani Tripathi is former national secretary of Bharatiya Janata Party and an Indian actor who has acted in films like Chalte Chalte and Dushman.
"Name an Indian film actress, producer and television presenter who has acted in more than 200 movies?","Khushbu Sundar is an Indian film actress, producer and television presenter who has acted in more than 200 movies."
"When was  Shekhar Suman, an Indian film actor, anchor, producer, director, and singer born?","Shekhar Suman (born 7 December 1962) is an Indian film actor, anchor, producer, director, and singer ."
Name an Indian politician from Tamil Nadu and Leader of opposition in the Tamil Nadu Legislative Assembly  from 25 May 2016?,Muthuvel Karunanidhi Stalin (born 1 March 1953) is an Indian politician from Tamil Nadu and Leader of opposition in the Tamil Nadu Legislative Assembly  from 25 May 2016.
"What is Divya Spandana,  an Indian film actress and politician who was the Member of Parliament in the Lok Sabha known professionally as?","Divya Spandana (born 29 November 1982), who was known professionally as Ramya (Kannada: ರಮ್ಯಾ Ramyā), is an Indian film actress and politician who was the Member of Parliament in the Lok Sabha from Mandya,  Karnataka."
"When was Shruti Haasab, an Indian film actress and singer who works predominantly in Tamil, Telugu, and Hindi language films born?","Shruti Haasan (born 28 January 1986) is an Indian film actress and singer who works predominantly in Tamil, Telugu, and Hindi language films."
Who is Sattanathapuram Venkataraman Shekhar?,Sattanathapuram Venkataraman Shekhar (born 26 December 1950) better known as 'S.
Name a three-time National Award winning Indian actress and politician from Andhra Pradesh?,Sharada (born Saraswati Devi; 25 June 1945) is a three-time National Award winning Indian actress and politician from Andhra Pradesh.
When was Shabana Azmi born?,"Shabana Azmi (born 18 September 1950) is an Indian actress of film, television and theatre."
"Name a former TDP parliamentarian, film actor,producer and director in Telugu cinema?","Kaikala Satyanarayana is a former TDP parliamentarian, film actor,producer and director in Telugu cinema."
"Name an Indian film actor, politician, journalist and former body builder and former president of the South Indian Film Artistes' Association?","Ramanathan Sarathkumar (born 14 July 1954) is an Indian film actor, politician, journalist and former body builder and former president of the South Indian Film Artistes' Association."
"Name  an Indian film actress and comedian, who prominently plays supporting roles in Tamil and Telugu films?","Kovai Sarala is an Indian film actress and comedian, who prominently plays supporting roles in Tamil and Telugu films."
Name an Indian actor and member of the All India Anna Dravida Munnetra Kazhagam?,J. K. Rithesh (5 March 1973 – 13 April 2019) was an Indian actor and member of the All India Anna Dravida Munnetra Kazhagam.
"When was Paresh Rawal, an Indian film actor, comedian and politician known for his works notably in Bollywood born?","Paresh Rawal (born 30 May 1955) is an Indian film actor, comedian and politician known for his works notably in Bollywood."
"Name an Indian film character actor, and producer, known for his works predominantly in the Telugu cinema, and Telugu theatre?","Rao Gopal Rao (born Raavu Gopala Rao) (14 January 1937 – 13 August 1994) was an Indian film character actor, and producer, known for his works predominantly in the Telugu cinema, and Telugu theatre."
"What is Swetha, an Indian politician and former actress popularly known as?","Swetha (born 31 March 1984), popularly known as Rakshita, is an Indian politician and former actress."
Who is Basavanagowda Channabasavanagowda Patil?,"Basavanagowda Channabasavanagowda Patil, popularly known as B. C. Patil, is a Kannada actor and is a three-term MLA from Hirekerur assembly constituency."
Name an Indian politician and President of Lok Janshakti Party?,Chirag Paswan (born 31 October 1983) is an Indian politician and President of Lok Janshakti Party.
Who is Arun Pandian?,"Arun Pandian is an Indian film actor, director, producer and politician."
"Name an Indian actress, voice actress, model, and former beauty queen who competed in the Miss Universe pageant?","Gul Panag (born Gulkirat Kaur Panag, 3 January 1979; Chandigarh, India) is an Indian actress, voice actress, model, and former beauty queen who competed in the Miss Universe pageant."
"When was Kajal Nishad, an Indian actress working in Bhojpuri cinema and Hindi Television and politician born?",Kajal Nishad (born 1 June 1982) is an Indian actress working in Bhojpuri cinema and Hindi Television and politician.
"Name an Indian film actress,  politician, writer,  social activist who was the minister of Kannada, Culture, and Department of Women & Child Welfare of Karnataka? ","Balaji Tangali Lalitha Naik (born 4 April 1945) is an Indian film actress,  politician, writer,  social activist who was the minister of Kannada, Culture, and Department of Women & Child Welfare of Karnataka."
"What is Anant Nagarkatte, an Indian actor, known primarily for his work in Kannada cinema known as?","Anant Nagarkatte (born 4 September 1948) known as Anant Nag, is an Indian actor, known primarily for his work in Kannada cinema, and in addition he appeared in Marathi, Tamil, Malayalam, Telugu and Hindi movies."
"Name an Indian film actor, producer, politician and business executive from Telugu cinema?","Murali Mohan Maganti (born 24 June 1940) is an Indian film actor, producer, politician and business executive from Telugu cinema."
When was Mahesh Vaman Manjrekar born?,"Mahesh Vaman Manjrekar (born 16 August 1958) is an Indian film director, actor, writer and producer."
"Name an Indian actor, comedian and politician, who mostly works in Odia language films?","Harihara Mahapatra is an Indian actor, comedian and politician, who mostly works in Odia language films known as Ollywood."
"Name an Indian stage and film actress, politician, and writer from Karnataka?","Chindodi Leela (1937 – 21 January 2010) was an Indian stage and film actress, politician, and writer from Karnataka."
"Who is Alokesh ""Bappi"" Lahiri?","Alokesh ""Bappi"" Lahiri (born 27 November 1952) is an Indian singer, composer, politician, disco musician and record producer."
What is Ravindra Shyamnarayan Shukla popularly known as?,"Ravindra Shyamnarayan Shukla (born 17 July 1969), popularly known as Ravi Kishan, is an Indian actor, politician and television personality who is the current Member of Parliament in the Lok Sabha from Gorakhpur."
"Name a veteran Indian theatre actress, director and singer, who has also acted in films and television and worked as dubbing artist in films?","B. Jayashree (born 9 June 1950) is a veteran Indian theatre actress, director and singer, who has also acted in films and television and worked as dubbing artist in films."
Name an Indian politician and film actress who served six times as the Chief Minister of Tamil Nadu for over fourteen years?,Jayaram Jayalalithaa (24 February 1948 – 5 December 2016) was an Indian politician and film actress who served six times as the Chief Minister of Tamil Nadu for over fourteen years between 1991 and 2016.
What was Janaki Ramachandran commonly known as?,"Janaki Ramachandran (30 November 1923 – 19 May 1996, née Vaikom Narayani Janaki), commonly known as V. N. Janaki, was an Indian politician and activist  of  Tamil Nadu."
"Name an Indian actress, director and politician who appeared mainly in Telugu films?","Jamuna (born 30 August 1936) is an Indian actress, director and politician who appeared mainly in Telugu films."
When was Nusrat Jahan Ruhi Jain born?,Nusrat Jahan Ruhi Jain (born 8 January 1990) is an Indian film actress who predominantly works in Bengali cinema.
"What was P. V. Jagadish Kumar, an Indian film actor and screenwriter popularly known as?","P. V. Jagadish Kumar (born 12 June 1955), popularly known as Jagadish, is an Indian film actor and screenwriter."
Name an Indian activist in the Indian National Congress  during the Indian independence movement?,F. G. Natesa Iyer (11 November 1880 – 23 January 1963) was an Indian activist in the Indian National Congress  during the Indian independence movement.
Who is Nandamuri Harikrishna?,"Nandamuri Harikrishna (2 September 1953 – 29 August 2018) was an Indian film actor, producer and politician who was the Member of Parliament in the Rajya Sabha from Andhra Pradesh."
"What is Govinda Ahuja,  an Indian film actor, comedian, dancer, and former politician known for his work in Hindi films known mononymously as?","Govind Ahuja (born 21 December 1963), known mononymously as Govinda,  is an Indian film actor, comedian, dancer, and former politician known for his work in Hindi films."
Who is Keezhoote Balakrishna Pillai Ganesh Kumar?,"Keezhoote Balakrishna Pillai Ganesh Kumar (born 25 May 1966) is an Indian actor, television host, and politician."
"What is Ajay Singh Deol, an Indian film actor, director, producer, politician and the current member of parliament from Gurdaspur better known as?","Ajay Singh Deol (born 19 October 1956), better known as Sunny Deol, is an Indian film actor, director, producer, politician and the current member of parliament from Gurdaspur (Lok Sabha constituency) of Punjab State."
"Name an Indian English poet, a dramatist, an actor, a musician and a member of the 1st Lok Sabha from Vijayawada constituency?","Harindranath Chattopadhyay (2 April 1898 – 23 June 1990) was an Indian English poet, a dramatist, an actor, a musician and a member of the 1st Lok Sabha from Vijayawada constituency."
"Name an Indian film actor, director, screenwriter, producer, veterinary doctor and former Member of Parliament in Lok Sabha?","Nitish Bharadwaj (born 2 June 1963) is an Indian film actor, director, screenwriter, producer, veterinary doctor and former Member of Parliament in Lok Sabha."
"Name an Indian film actress, Bharathanatyam dancer, Carnatic singer, dance choreographer and parliamentarian?","Vyjayanthimala (born 13 August 1936)  is an Indian film actress, Bharathanatyam dancer, Carnatic singer, dance choreographer and parliamentarian."
Name a Hindi and Punjabi film actor and politician belonging to Indian National Congress?,Raj Babbar (born 23 June 1952) is a Hindi and Punjabi film actor and politician belonging to Indian National Congress.
Name an Indian actress and a Politician from Indian National Congress and a social activist?,Nafisa Ali  (born 18 January 1957) is an Indian actress and a Politician from Indian National Congress and a social activist.
Name an Israeli politician and former journalist serving as chairman of the Yesh Atid party?,Yair Lapid (Hebrew: יאיר לפיד‎; born 5 November 1963) is an Israeli politician and former journalist serving as chairman of the Yesh Atid party.
When was Asaduzzaman Noor born?,"Asaduzzaman Noor (born 31 October 1946) is a Bangladeshi actor, politician and activist."
"Name an English cartoonist, satirist, comedian, actor and performer who co-founded the satirical magazine Private Eye?","William George Rushton (18 August 1937 – 11 December 1996) was an English cartoonist, satirist, comedian, actor and performer who co-founded the satirical magazine Private Eye."
"Name a British television personality, television chef, actress, singer and former politician?","Rustie Lee is a British television personality, television chef, actress, singer and former politician."
"When did Alfred Arthur Hinchcliffe Denville,an English actor, theatre impresario and Conservative Party politician die?","Alfred Arthur Hinchcliffe Denville (27 January 1876 – 23 March 1955) was an English actor, theatre impresario and Conservative Party politician."
"When was Bruce Belfrage, an English actor and BBC radio newsreader born?",Bruce Belfrage (30 October 1900 – August 1974) was an English actor and BBC radio newsreader.
"Name an English Liberal Democrat local politician, journalist, children's book author and former model and actress?","Marina Augusta Pepper (née Baker; born 8 December 1967)  is an English Liberal Democrat local politician, journalist, children's book author and former model and actress."
"Name a Russian politician, TV anchor, journalist, socialite and actress?","Ksenia Anatolyevna Sobchak  (born 5 November 1981) is a Russian politician, TV anchor, journalist, socialite and actress."
Who is Nikolai Nikolaevich Gubenko?,"Nikolai Nikolaevich Gubenko (Russian: Николай Николаевич Губенко) (born 17 August 1941) is a Soviet and Russian actor, film and theatre director, screenwriter, founder of the Community of Taganka Actors theatre."
Who is Stanislav Sergeyevich Govorukhin?,"Stanislav Sergeyevich Govorukhin (Russian: Станислав Сергеевич Говорухин; 29 March 1936 – 14 June 2018) was a Soviet and Russian film director, actor, screenwriter, producer and politician."
Who is Rolan Antonovich Bykov?,"Rolan Antonovich Bykov (Russian: Ролан Антонович Быков; October 12, 1929 – October 6, 1998) was a Soviet and Russian actor, theatre and film director, screenwriter, educator at High Courses for Scriptwriters and Film Directors, poet and song writer, as well as a politician and a banker."
Who is Vladimir Vladimirovich Bortko PAR?,"Vladimir Vladimirovich Bortko PAR (Russian: Владимир Владимирович Бортко; born May 7, 1946 in Moscow), is a Russian film director, screenwriter, producer and politician."
Name a Mexican actress and politician associated with the Institutional Revolutionary Party?,"Carmen Salinas Lozano (born October 5, 1939) is a Mexican actress and politician associated with the Institutional Revolutionary Party (PRI)."
"Name  a Quebecois-Canadian actor, comedian and singer as well as a former Canadian Senator?","Jean Lapointe,  (born December 6, 1935) is a Quebecois-Canadian actor, comedian and singer as well as a former Canadian Senator."
Name an American soccer player who currently plays as a defender for NSWL club Utah Royals FC.?,"Elizabeth Rose Ball (born October 20, 1995) is an American soccer player who currently plays as a defender for NSWL club Utah Royals FC."
"Name an American actor and political activist, best known for his role as John Walton, Sr. on The Waltons (1972–1981)?","Ralph Waite (June 22, 1928 – February 13, 2014) was an American actor and political activist, best known for his role as John Walton, Sr. on The Waltons (1972–1981), which he occasionally directed."
"Name an English-American television presenter, politician, news presenter, actor, producer, musician, and former lawyer?","Gerald Norman Springer (born February 13, 1944) is an English-American television presenter, politician, news presenter, actor, producer, musician, and former lawyer."
"Name an American stage and film actor, vaudeville performer, cowboy, humorist, newspaper columnist, and social commentator from Oklahoma?","William Penn Adair Rogers (November 4, 1879 – August 15, 1935) was an American stage and film actor, vaudeville performer, cowboy, humorist, newspaper columnist, and social commentator from Oklahoma."
"Name an American actress, environmental and women's rights activist, and former U.S. Senate candidate, known for her trademark heavy Southern accent?","Park Overall (born March 15, 1957) is an American actress, environmental and women's rights activist, and former U.S. Senate candidate, known for her trademark heavy Southern accent."
When was Cynthia Ellen Nixon born?,"Cynthia Ellen Nixon (born April 9, 1966) is an American actress and activist."
When did George Lloyd Murphy die?,"George Lloyd Murphy (July 4, 1902 – May 3, 1992) was an American dancer, actor, and politician."
"Who is William M. ""Sonny"" Landham?","William M. ""Sonny"" Landham (February 11, 1941 – August 17, 2017) was an American film actor and stunt man."
"Name an American politician, former child actress, and currently the member of the Los Angeles County Board of Supervisors for the 3rd District?","Sheila James Kuehl (born February 9, 1941) is an American politician, former child actress, and currently the member of the Los Angeles County Board of Supervisors for the 3rd District."
"Name an American actor, politician, playwright and essayist, best known for his role as Cooter Davenport in The Dukes of Hazzard?","Ben Lewis Jones (born August 30, 1941) is an American actor, politician, playwright and essayist, best known for his role as Cooter Davenport in The Dukes of Hazzard."
"Name an American film actor of the 1920s silent era and into the 1930s, and later a television actor?","Charles Farrell (August 9, 1900 – May 6, 1990) was an American film actor of the 1920s silent era and into the 1930s, and later a television actor."
Who is Carlos Alan Autry Jr.?,"Carlos Alan Autry Jr. (also known for a period of time as Carlos Brown; born July 31, 1952), is an American actor, politician, and former National Football League  player."
"Name an American singer, television personality, actor, political candidate, and activist?","Clayton Holmes ""Clay"" Aiken (born Clayton Holmes Grissom; November 30, 1978) is an American singer, television personality, actor, political candidate, and activist."
Name an American politician who served as the 47th vice president of the United States from 2009 to 2017?,"Joseph Robinette Biden Jr. (; born November 20, 1942) is an American politician who served as the 47th vice president of the United States from 2009 to 2017 and represented Delaware in the U.S. Senate from 1973 to 2009."
Who is Cecilia Roxana Tait Villacorta?,"Cecilia Roxana Tait Villacorta (born May 2, 1962) is a Peruvian politician and retired volleyball player."
Name a Peruvian former volleyball player and politician (PNP)?,"Cenaida Cebastiana Uribe Medina (born December 2, 1965 in Lima) is a Peruvian former volleyball player and politician (PNP)."
What is Arthur Antunes Coimbra better known as?,"Arthur Antunes Coimbra (Portuguese pronunciation: [aʁˈtuʁ  ɐ̃ˈtũnis koˈĩbɾɐ], born 3 March 1953 in Rio de Janeiro), better known as Zico ([ˈziku]), is a Brazilian coach and former footballer, who played as an attacking midfielder."
"Name an Olympic breaststroke swimmer from Brazil, who participated at one Summer Olympics?","Harry Forssell (October 1907 - September 15, 2006) was an Olympic breaststroke swimmer from Brazil, who participated at one Summer Olympics."
Name a Brazilian politician and a former female volleyball player?,"Leila Gomes de Barros (born September 30, 1971) is a Brazilian politician and a former female volleyball player."
Who is Ulises Hernán de la Cruz Bernardo? ,"Ulises Hernán de la Cruz Bernardo (born 8 February 1974 in Piquiucho) is a retired Ecuadorian footballer, who since 2013 has been a member of his country's National Assembly for the governing PAIS Alliance."
Who is Cenaida Cebastiana Uribe Medina?,"Cenaida Cebastiana Uribe Medina (born December 2, 1965 in Lima) is a Peruvian former volleyball player and politician (PNP)."
Name a Mexican politician and former sprinter who competed in the 1924 Summer Olympics? ,Herminio Ahumada (7 October 1899 – 1 July 1983) was a Mexican politician and former sprinter who competed in the 1924 Summer Olympics.He was the President of the Chamber of Deputies in 1944.
Name an Australian politician who served as leader of the Liberal Party in Tasmania from 1950 to 1956?,Reginald 'Rex' Colin Townley (15 April 1904—3 May 1982) was an Australian politician who served as leader of the Liberal Party in Tasmania from 1950 to 1956.
When was Liesl Dorothy Tesch AM born?,"Liesl Dorothy Tesch AM (born 17 May 1969) is an Australian wheelchair basketball player, sailor and politician."
Who is Joseph Karl Szakacs?,Joseph Karl Szakacs (; born 1982) is an Australian politician and trade unionist.
"Name an Australian politician, lawyer and former Olympic athlete?","Zali Steggall  (born 16 April 1974) is an Australian politician, lawyer and former Olympic athlete."
"When was Trevor Raymond Sprigg, an Australian politician and legislator from Western Australia born?","Trevor Raymond Sprigg (10 August 1946 – 17 January 2008) was an Australian politician and legislator from Western Australia, as well as a former football star."
"Name an Australian politician, representing the National Party in the Senate for the state of Queensland?","Glenister Fermoy Sheil  (21 October 1929 – 29 September 2008) was an Australian politician, representing the National Party in the Senate for the state of Queensland from 1974 to 1981, and again from 1984–90."
"Name an Australian politician, and a member of the Victorian Legislative Council for Melbourne Province?","Maurice Patrick Sheehy (12 June 1893 – 10 January 1961) was an Australian politician, and a member of the Victorian Legislative Council for Melbourne Province."
"When was Zali Steggall, an Australian politician, lawyer and former Olympic athlete born?","Zali Steggall  (born 16 April 1974) is an Australian politician, lawyer and former Olympic athlete."
"Who is Francis Eugene ""Frank"" Stewart?","Francis Eugene ""Frank"" Stewart (20 February 1923 – 16 April 1979), Australian  politician and rugby league footballer, was a member of the Australian House of Representatives representing Lang between 1953 and 1977 and subsequently Grayndler between 1977 and 1979 for the Australian Labor Party."
"Name an Australian politician, and a member of the Victorian Legislative Council for Melbourne Province?","Maurice Patrick Sheehy (12 June 1893 – 10 January 1961) was an Australian politician, and a member of the Victorian Legislative Council for Melbourne Province."
"Name a businessman, solicitor and Lord Mayor of Adelaide, South Australia?","Sir Arthur Campbell Rymill (8 December 1907 – 27 March 1989) was a businessman, solicitor and Lord Mayor of Adelaide, South Australia."
"Name an Irish actor, known for his television roles in the TV series Copper and Crossbones?","Kevin John Ryan (born 20 June 1984) is an Irish actor, known for his television roles in the TV series Copper and Crossbones."
Name a Treasurer of Victoria and inaugural president of the Melbourne Cricket Club?,"Frederick Armand Powlett (6 January 1811 – 9 June 1865) was a Treasurer of Victoria and inaugural president of the Melbourne Cricket Club.Powlett was born in Shropshire, England, the son of the Reverend Charles Powlett and descendant of cricket administrator Charles Powlett (1728–1809)."
"When was Arthur Bruce Pie, an Australian politician who served in the Legislative Assembly of Queensland born?",Arthur Bruce Pie (18 May 1902 – 30 July 1962) was an Australian politician who served in the Legislative Assembly of Queensland.
When was Nova Maree Peris born?,Nova Maree Peris  (born 25 February 1971) is an indigenous Australian athlete and former politician.
Who is Stephen John Rayden Patterson?,"Stephen John Rayden Patterson (born 4 January 1971) is an Australian politician, and a former Australian rules footballer who played with Collingwood in the Australian Football League (AFL)."
"Name an Australian former professional rugby league footballer, administrator and politician?","Paul Anthony Osborne (born 30 September 1966) is an Australian former professional rugby league footballer, administrator and politician."
Who is Raymond James O'Connor?,Raymond James O'Connor (6 March 1926 – 25 February 2013) was an Australian politician.
Name a former Australian politician and Australian rules footballer who played for the Port Adelaide Football Club?,Christopher William Natt (born 9 December 1952) is a former Australian politician and Australian rules footballer who played for the Port Adelaide Football Club in the South Australian National Football League (SANFL).
When was Dean Cambell Nalder MLA born?,"Dean Cambell Nalder MLA (born 5 February 1966) is an Australian politician who has been a member of the Legislative Assembly of Western Australia since 2013, representing the seat of Alfred Cove until 2017 and Bateman following the 2017 electoral boundary re-distribution."
"Name a British writer, raconteur and broadcaster, born in Barnes, London in the UK?","Arthur Marshall, MBE (10 May 1910 – 27 January 1989) was a British writer, raconteur and broadcaster, born in Barnes, London in the UK."
Name an Australian politician and former Australian rules footballer?,Justin Mark Madden  (born 31 May 1961) is an Australian politician and former Australian rules footballer.
"When did Brendan Aloysius Lyons, an  Australian politician who served in the Tasmanian House of Assembly from 1982 to 1986 die? ","Brendan Aloysius Lyons (17 June 1927 – 7 September 2010) was an  Australian politician who served in the Tasmanian House of Assembly from 1982 to 1986, representing the Liberal Party."
"When was Samuel John Everett Loxton, an Australian cricketer, footballer and politician born?","Samuel John Everett Loxton, OBE (29 March 1921 – 3 December 2011) was an Australian cricketer, footballer and politician."
Name an Australian politician who served as the Liberal member for Lalor from 1966 to 1969?,Mervyn William Lee (18 August 1920 – 13 December 2009) was an Australian politician who served as the Liberal member for Lalor from 1966 to 1969.
"Name an Australian former professional rugby league footballer, and a former Australian Senator?","Glenn Patrick Lazarus (born 11 December 1965) is an Australian former professional rugby league footballer, and a former Australian Senator."
"Name an Australian lawyer, politician, and judge who served as the fifth Chief Justice of Australia?","Sir John Greig Latham GCMG QC (26 August 1877 – 25 July 1964) was an Australian lawyer, politician, and judge who served as the fifth Chief Justice of Australia, in office from 1935 to 1952."
"Who is Gilbert Roche Andrews ""Gil"" Langley?","Gilbert Roche Andrews ""Gil"" Langley  (14 September 1919 – 14 May 2001) was an Australian Test cricketer, champion Australian rules footballer and member of parliament, serving as Speaker of the South Australian House of Assembly from 1977 to 1979 for the Don Dunstan Labor government."
When did Roy Mitchell Kinnear die?,Roy Mitchell Kinnear (8 January 1934 – 20 September 1988) was a British character actor.
Name an Australian politician who served as a Senator for Western Australia from 1923 to 1935?,Sir Walter Kingsmill (10 April 1864 – 15 January 1935) was an Australian politician who served as a Senator for Western Australia from 1923 to 1935.
"Who was Sir Wilfrid Selwyn ""Bill"" Kent Hughes?","Sir Wilfrid Selwyn ""Bill"" Kent Hughes  (12 June 1895 – 31 July 1970) was an Australian army officer and politician who had a long career in both state and federal politics, most notably as a minister in the Menzies Government."
"What was William Frederick Percy Hutton, an Australian cricketer who played a single first-class match for South Australia known as?","William Frederick Percy Hutton (2 October 1876 – 1 October 1951), known as Percy Hutton, was an Australian cricketer who played a single first-class match for South Australia during the 1905–06 Sheffield Shield season."
"Name an Australian politician, psychologist and vegan bodybuilder?","Emma Christine Hurst (born 1981) is an Australian politician, psychologist and vegan bodybuilder."
Name a former Australian politician who represented the seat of Toowoomba South in the Legislative Assembly of Queensland?,"Michael James Horan, AM (born 1 July 1944) is a former Australian politician who represented the seat of Toowoomba South in the Legislative Assembly of Queensland from 18 May 1991 to 24 March 2012."
"Name the thirtieth Premier of South Australia, representing the South Australian Branch of the Australian Labor Party?","Lionel Laughton Hill (14 May 1881 – 19 March 1963) was the thirtieth Premier of South Australia, representing the South Australian Branch of the Australian Labor Party."
Name an Australian politician who was a Labor Party member of the Legislative Assembly of Western Australia from 1930 to 1947?,James Hegney (27 September 1891 – 5 May 1970) was an Australian politician who was a Labor Party member of the Legislative Assembly of Western Australia from 1930 to 1947 and again from 1950 to 1968.
"When was John Merrifield Hearman CMG, an Australian politician who was a Liberal Party member of the Legislative Assembly of Western Australia born?","John Merrifield Hearman CMG (10 November 1910 – 20 February 1994) was an Australian politician who was a Liberal Party member of the Legislative Assembly of Western Australia from 1950 to 1968, representing the seat of Blackwood."
Name an Australian rules footballer who played for Melbourne in the Victorian Football League?,"Stan ""Pops"" Heal (30 July 1920 – 15 December 2010) was an Australian rules footballer who played for Melbourne in the Victorian Football League (VFL) as well as West Perth in the West Australian National Football League (WANFL) during the 1940s and early 1950s."
Name an Australian rules footballer who played for Essendon in the Victorian Football League (VFL)?,Kevin Philip Hardiman (24 July 1915 – 2 August 2002) was an Australian rules footballer who played for Essendon in the Victorian Football League (VFL).
"Who is Herbert Harry ""Jim"" Handby OBE?","Herbert Harry ""Jim"" Handby OBE (1 September 1903 – 2 October 1991) was an Australian rules footballer who played in the South Australian National Football League (SANFL) in the 1920s and 1930s, achieving several honours in recognition of his playing skills."
Name an Australian politician who served as a member of the Legislative Assembly of Western Australia from 1905 to 1908?,"Arthur Courthope Gull (1 January 1867 – 30 March 1951) was an Australian politician who served as a member of the Legislative Assembly of Western Australia from 1905 to 1908, representing the seat of Swan."
"Name an Australian lawyer and former sportsman and politician, representing the Liberal Party in the Federal Parliament?","Raymond John Groom  (born 3 September 1944) is an Australian lawyer and former sportsman and politician, representing the Liberal Party in the Federal Parliament 1975–84 and the Tasmanian Parliament 1986–2001."
Name a former professional tennis player who was a grass court specialist?,"Bob Gary Giltinan OAM (born 4 July 1949 in Sydney, New South Wales, Australia) is a former professional tennis player who was a grass court specialist."
When was John Hogan 'Jack' Gervasoni born?,John Hogan 'Jack' Gervasoni  (29 September 1929 – 9 February 1992) was an Australian rules footballer who played for Fitzroy in the Victorian Football League (VFL) and captain-coached Northcote in the Victorian Football Association (VFA).
"When did Albert ""Jupp"" Gardiner die?","Albert ""Jupp"" Gardiner (30 July 1867 – 14 August 1952) was an Australian politician who served as a Senator for New South Wales from 1910 to 1926 and again briefly in 1928."
Who is John William 'Jack' Galbally?,"John William 'Jack' Galbally, , (2 August 1910 – 8 July 1990) was a Labor Party politician."
Name an Australian freestyle champion swimmer and former politician?,"Dawn Fraser,  (born 4 September 1937) is an Australian freestyle champion swimmer and former politician."
"Name a Scottish advocate, judge, writer and historian who served as Professor of Universal History, and Greek and Roman?","Alexander Fraser Tytler, Lord Woodhouselee FRSE (15 October 1747 – 5 January 1813) was a Scottish advocate, judge, writer and historian who served as Professor of Universal History, and Greek and Roman Antiquities at the University of Edinburgh."
"Name an American Quaker peace activist, affiliated with Christian Peacemaker Teams (CPT) in Iraq?","Thomas William ""Tom"" Fox (July 7, 1951 – March 9, 2006) was an American Quaker peace activist, affiliated with Christian Peacemaker Teams (CPT) in Iraq."
"When was Patrick Francis Daniel Farmer, an ultra-marathon athlete, motivational speaker, and former Australian politician born?","Patrick Francis Daniel Farmer  (born 14 March 1962), an ultra-marathon athlete, motivational speaker, and former Australian politician, was a Member of the Australian House of Representatives, representing the seat of Macarthur in south-west Sydney, New South Wales from 2001 to 2010, as a member of the Liberal Party."
"Name a Norfolk Island businessman, actor and local government politician?","Hadyn Paul ""Teddy"" Evans (born 15 October 1962) is a Norfolk Island businessman, actor and local government politician."
Who is Alistair Martin Edwards?,Alistair Martin Edwards (born 21 June 1968) is a former football (soccer) player and coach.
When was cricketer Charles John Eady born?,Charles John Eady (29 October 1870 – 20 December 1945) was a cricketer who played for Tasmanian clubs and representative sides in the era before Tasmania was accepted into the Sheffield Shield and other competitions.
Who is Henry Rowland Gascoigne Dumaresq?,Henry Rowland Gascoigne Dumaresq (20 February 1839 – 31 October 1924) was an Australian politician who represented the  electoral district of Longford in the Tasmanian House of Assembly between 1886 and 1903.
Name an Australian politician who has represented Murray and Nicholls in the Australian House of Representatives?,Damian Kevin Drum (born 28 July 1960) is an Australian politician who has represented Murray and Nicholls in the Australian House of Representatives since the 2016 federal election as a member of The Nationals.
Name an Australian rules footballer and coach in the West Australian Football League (WAFL)?,"John ""Jerry"" Dolan (25 December 1901 – 26 December 1986) was an Australian rules footballer and coach in the West Australian Football League (WAFL) before becoming a politician."
Who is Richard Luigi Di Natale?,Richard Luigi Di Natale (born 6 June 1970) is an Australian politician who serves as a senator for Victoria.
"When was Hugh Francis Delahunty, an Australian politician born?",Hugh Francis Delahunty (born 28 June 1949) is an Australian politician.
"Who is Ronald William ""Ron"" Clarke?","Ronald William ""Ron"" Clarke, AO, MBE (21 February 1937 – 17 June 2015) was an Australian athlete, writer, and Mayor of the Gold Coast from 2004 to 2012."
Name an Australian politician who was the inaugural leader of the Australian Democrats?,"Donald Leslie Chipp, AO (21 August 1925 – 28 August 2006) was an Australian politician who was the inaugural leader of the Australian Democrats, leading the party from 1977 to 1986."
Name an Australian former professional boxer and former member of the New South Wales Legislative Assembly?,Stephen Rhett Cansdell (born 23 September 1950 in Dubbo) is an Australian former professional boxer and former member of the New South Wales Legislative Assembly.
Name an Australian politician; a five-time national champion and Australian representative rower?,Shane Thomas Broad (born 21 August 1974) is an Australian politician; a five-time national champion and Australian representative rower; and an agricultural scientist.
Who is Cory Bernardi?,Cory Bernardi (born 6 November 1969) is a former Australian politician.
When was Anthony John Benneworth born?,Anthony John Benneworth (12 December 1950 – 10 March 2018) was an Australian cricketer who played for Tasmania from 1971 until 1979.
"Who is Sir Francis ""Frank"" Joseph Edmund Beaurepaire?","Sir Francis ""Frank"" Joseph Edmund Beaurepaire (13 May 1891 – 29 May 1956) was an Australian distance freestyle swimmer from the 1900s to the 1920s, who won three silver and three bronze medals, from the 1908 Summer Olympics in London to the 1924 Summer Olympics in Paris, setting 15 world records."
When did Sir Henry Newman Barwell KCMG die?,Sir Henry Newman Barwell KCMG (26 February 1877 – 30 September 1959) was the 28th Premier of South Australia.
Name an Australian politician who served in both houses of the Parliament of Western Australia? ,Edward Houghton Angelo (29 July 1870 – 1 October 1948) was an Australian politician who served in both houses of the Parliament of Western Australia.
"Name Canada's first chess grandmaster, an eight-time Canadian Chess Champion?","Daniel Abraham Yanofsky,  (March 25, 1925 – March 5, 2000) was Canada's first chess grandmaster, an eight-time Canadian Chess Champion, a chess writer, chess arbiter, and lawyer."
Who is Peter Wong Tung-shun?,"Peter Wong Tung-shun, JP (Chinese: 王冬勝 born 1951, Hong Kong) is a Group General Manager of HSBC, serving as Deputy Chairman and Chief Executive of The Hongkong and Shanghai Banking Corporation Limited, Asia-Pacific."
Name a Canadian scientist and politician representing the riding of Oak Bay-Gordon Head in the British Columbia Legislative Assembly?,Andrew John Weaver  is a Canadian scientist and politician representing the riding of Oak Bay-Gordon Head in the British Columbia Legislative Assembly.
"When was Nicholas Joseph Vinnicombe, a merchant and politician in Newfoundland born?","Nicholas Joseph Vinnicombe (January 14, 1877 – April 10, 1928) was a merchant and politician in Newfoundland."
Who is Cory E. Vanthuyne?,"Cory E. Vanthuyne is a Canadian politician, who was elected to the Legislative Assembly of the Northwest Territories in the 2015 election."
When was John Napier Wyndham Turner born?,"John Napier Wyndham Turner  (born June 7, 1929) is a Canadian lawyer and politician who served as the 17th prime minister of Canada from June 30 to September 17, 1984."
Who is Joseph Philippe Pierre Yves Elliott Trudeau?,"Joseph Philippe Pierre Yves Elliott Trudeau  ( TROO-doh, troo-DOH, French: [pjɛʁ tʁydo]; October 18, 1919 – September 28, 2000), mostly referred to as simply Pierre Trudeau, or by the initials PET, was a Canadian politician who was the 15th prime minister of Canada and leader of the Liberal Party of Canada, between 1968 and 1984, with a brief period as Leader of the Opposition, from 1979 to 1980."
"Name a commercial fisherman, trapper and political figure in Saskatchewan?","Frederick John Thompson (May 21, 1935 – July 7, 2010) was a commercial fisherman, trapper and political figure in Saskatchewan."
"When did Frederick Wellington ""Cyclone"" Taylor, a Canadian professional ice hockey player and civil servant die?","Frederick Wellington ""Cyclone"" Taylor, MBE (June 23, 1884 – June 9, 1979) was a Canadian professional ice hockey player and civil servant."
"Who is Chris ""Canuck Truck"" Szarka?","Chris ""Canuck Truck"" Szarka (born February 12, 1975 in Vancouver, British Columbia) is a former Canadian Football League fullback."
"When  was Joseph ""Joe"" Albert Taylor Sullivan born?","Joseph ""Joe"" Albert Taylor Sullivan (January 8, 1901 – September 30, 1988) was a Canadian Olympic ice hockey player, physician, surgeon, and politician."
"Name a Canadian police officer, politician, football player, professor, and Citizenship Judge?","George Philip Gregory Springate  (May 12, 1938 – November 20, 2019) was a Canadian police officer, politician, football player, professor, and Citizenship Judge."
"Name an American author and editor, and publisher of Smith Magazine?","Larry Smith (born September 17, 1968) is an American author and editor, and publisher of Smith Magazine."
Who is Robert Underdunk Terwilliger Jr?,"Robert Underdunk Terwilliger Jr., PhD, better known as Sideshow Bob, is a recurring character in the animated television series The Simpsons."
"When was Frederick ""Chief Running Deer"" Sasakamoose born?","Frederick ""Chief Running Deer"" Sasakamoose,  (born December 25, 1933) is a former Canadian professional ice hockey player."
"Who is Samuel ""Sam"" Rothschild?","Samuel ""Sam"" Rothschild (October 16, 1899 – April 15, 1987) was a Canadian professional ice hockey player who played 102 games in the National Hockey League (NHL)."
Name an Australian human rights lawyer and barrister with Doughty Street Chambers in London?,Jennifer Robinson (born 1981) is an Australian human rights lawyer and barrister with Doughty Street Chambers in London.
"Who is Charles Gavan ""Chubby"" Power?","Charles Gavan ""Chubby"" Power,  (18 January 1888 – 30 May 1968) was a Canadian politician and ice hockey player."
"What was Steven Patrick Morrissey, an English singer, songwriter, and author known mononymously as?","Steven Patrick Morrissey (; born 22 May 1959), known mononymously as Morrissey, is an English singer, songwriter, and author."
Name a former professional Canadian football placekicker and punter for the Ottawa Rough Riders of the Canadian Football League?,"Gerry Organ (born December 4, 1944) is a former professional Canadian football placekicker and punter for the Ottawa Rough Riders of the Canadian Football League."
"When did Cynthia Maria ""Cindy"" Nicholas, a long distance swimmer and a politician in Ontario, Canada die?","Cynthia Maria ""Cindy"" Nicholas,  (August 20, 1957 – May 19, 2016) was a long distance swimmer and a politician in Ontario, Canada."
"Who is Wilfred Kennedy ""Bucko"" McDonald?","Wilfred Kennedy ""Bucko"" McDonald (October 31, 1911 – July 19, 1991) was a Canadian professional hockey and lacrosse player, coach, and politician."
"Who is Maurice William ""Moe"" Mantha?","Maurice William ""Moe"" Mantha (December 13, 1933 – September 18, 2015) was a Canadian ice hockey player and a politician."
"When was Douglas Roy ""Doug"" Livingston born?","Douglas Roy ""Doug"" Livingston (born April 15, 1954) is an educator and former political figure in the Yukon, Canada."
Name a former territorial level politician and Member of the Legislative Assembly of the Northwest territories?,"Fred Koe (born March 8, 1947) is a former territorial level politician and Member of the Legislative Assembly of the Northwest territories from 1991 to 1995."
"Name a Canadian Inuit lawyer, politician, and former sportsman?","Kiviaq (also known as David Charles Ward; January 23, 1936 – April 24, 2016) was a Canadian Inuit lawyer, politician, and former sportsman."
"When did Leonard Patrick ""Red"" Kelly, a Canadian professional ice hockey player and coach die?","Leonard Patrick ""Red"" Kelly  (July 9, 1927 – May 2, 2019) was a Canadian professional ice hockey player and coach."
"Who is Gregory Andrew ""Greg"" Joy?","Gregory Andrew ""Greg"" Joy (born April 23, 1956) is an American-born Canadian high jumper who stood 6' 4"" tall and weighed 157 lbs while competing from 1973 to 1982 for Canada."
"When was Roderick George McLean ""The Arrow"" Hunter, a Canadian curler and politician born?","Roderick George McLean ""The Arrow"" Hunter (August 24, 1943 – January 6, 2018) was a Canadian curler and politician."
"Who is Michael Patrick ""Mickey"" Hennessy?","Michael Patrick ""Mickey"" Hennessy (August 8, 1915 — March 5, 1991) was a boxer and politician in Ontario, Canada."
"When was Enrico Pasquale Ciccone, a Canadian former professional ice hockey defenceman born?","Enrico Pasquale Ciccone (born April 10, 1970) is a Canadian former professional ice hockey defenceman who played in the National Hockey League (NHL)."
"Who is Harold Peter ""Herb"" Capozzi?","Harold Peter ""Herb"" Capozzi (April 24, 1925 – November 21, 2011) was an athlete, businessman, professional sports team manager and political figure in British Columbia."
"What was Charles Griffith Wynne,  Liberal Tory politician and a Member of Parliament for Caernarfon later known as?","Charles Griffith Wynne (14 August 1815 – 3 March 1874), later known as Charles Wynne-Finch, was a Liberal Tory politician and a Member of Parliament for Caernarfon."
Name an English Christian worship leader and writer of hymns and contemporary worship music?,Stuart Townend (born 1963) is an English Christian worship leader and writer of hymns and contemporary worship music.
Who is Michael James Tomlinson-Mynors?,Michael James Tomlinson-Mynors (born 1 October 1977) is a British politician serving as the Member of Parliament (MP) for Mid Dorset and North Poole since 2015.
Who is Sir James Douglas Wishart Thomson?,"Sir James Douglas Wishart Thomson, 2nd Baronet (30 October 1905 – 3 January 1972) was a Scottish Unionist politician."
